{
  "metadata": {
    "timestamp_utc": "2026-03-26T14:12:23+00:00",
    "repo_id": "itskoma/MyGPT",
    "device": "cuda",
    "warmup_runs": 3,
    "runs": 10,
    "max_new_tokens": 128,
    "temp": 0.9,
    "top_p": 0.8,
    "startup_mode": "cached"
  },
  "startup": {
    "startup_seconds": 1.5986798950034427
  },
  "overall": {
    "run_count": 30,
    "prompt_tokens": 16,
    "median_generated_tokens": 65.5,
    "median_latency_seconds": 0.9819700309963082,
    "p95_latency_seconds": 2.071597504954115,
    "median_decode_tokens_per_second": 66.2750332022141,
    "p95_decode_tokens_per_second": 70.57696518853227,
    "median_total_tokens_per_second": 92.05323798622126,
    "median_peak_gpu_memory_bytes": 669515008
  },
  "cases": [
    {
      "name": "short_prompt",
      "messages": [
        {
          "role": "user",
          "content": "Explain GPT-2 in one sentence."
        }
      ],
      "summary": {
        "run_count": 10,
        "prompt_tokens": 16,
        "median_generated_tokens": 32.5,
        "median_latency_seconds": 0.5020213980023982,
        "p95_latency_seconds": 0.79867975795496,
        "median_decode_tokens_per_second": 65.18068644591682,
        "p95_decode_tokens_per_second": 67.01250428647269,
        "median_total_tokens_per_second": 97.38320627666873,
        "median_peak_gpu_memory_bytes": 657883392
      },
      "runs": [
        {
          "run_index": 0,
          "prompt_tokens": 16,
          "generated_tokens": 26,
          "latency_seconds": 0.39969197400205303,
          "decode_tokens_per_second": 65.05009279937768,
          "total_tokens_per_second": 105.08091913745625,
          "peak_gpu_memory_bytes": 656576512
        },
        {
          "run_index": 1,
          "prompt_tokens": 16,
          "generated_tokens": 30,
          "latency_seconds": 0.4531453780073207,
          "decode_tokens_per_second": 66.20391921886787,
          "total_tokens_per_second": 101.51267613559739,
          "peak_gpu_memory_bytes": 657064448
        },
        {
          "run_index": 2,
          "prompt_tokens": 16,
          "generated_tokens": 44,
          "latency_seconds": 0.6718730279972078,
          "decode_tokens_per_second": 65.48856430680063,
          "total_tokens_per_second": 89.30258769109176,
          "peak_gpu_memory_bytes": 661745664
        },
        {
          "run_index": 3,
          "prompt_tokens": 16,
          "generated_tokens": 44,
          "latency_seconds": 0.7499431420001201,
          "decode_tokens_per_second": 58.671114562966366,
          "total_tokens_per_second": 80.00606531313595,
          "peak_gpu_memory_bytes": 661745664
        },
        {
          "run_index": 4,
          "prompt_tokens": 16,
          "generated_tokens": 30,
          "latency_seconds": 0.45347168800071813,
          "decode_tokens_per_second": 66.15628008060449,
          "total_tokens_per_second": 101.43962945692688,
          "peak_gpu_memory_bytes": 657064448
        },
        {
          "run_index": 5,
          "prompt_tokens": 16,
          "generated_tokens": 42,
          "latency_seconds": 0.6206217180006206,
          "decode_tokens_per_second": 67.67407388724028,
          "total_tokens_per_second": 93.45467346333182,
          "peak_gpu_memory_bytes": 660449792
        },
        {
          "run_index": 6,
          "prompt_tokens": 16,
          "generated_tokens": 26,
          "latency_seconds": 0.3980935599975055,
          "decode_tokens_per_second": 65.31128009245595,
          "total_tokens_per_second": 105.50283707242885,
          "peak_gpu_memory_bytes": 656576512
        },
        {
          "run_index": 7,
          "prompt_tokens": 16,
          "generated_tokens": 54,
          "latency_seconds": 0.8385551710089203,
          "decode_tokens_per_second": 64.39647845117821,
          "total_tokens_per_second": 83.47691651078658,
          "peak_gpu_memory_bytes": 662917632
        },
        {
          "run_index": 8,
          "prompt_tokens": 16,
          "generated_tokens": 20,
          "latency_seconds": 0.355338880995987,
          "decode_tokens_per_second": 56.28429949444758,
          "total_tokens_per_second": 101.31173909000564,
          "peak_gpu_memory_bytes": 655945728
        },
        {
          "run_index": 9,
          "prompt_tokens": 16,
          "generated_tokens": 35,
          "latency_seconds": 0.5505711080040783,
          "decode_tokens_per_second": 63.57035356773705,
          "total_tokens_per_second": 92.63108662727399,
          "peak_gpu_memory_bytes": 658702336
        }
      ]
    },
    {
      "name": "coding_prompt",
      "messages": [
        {
          "role": "user",
          "content": "Write a short Python function that checks whether a string is a palindrome."
        }
      ],
      "summary": {
        "run_count": 10,
        "prompt_tokens": 22,
        "median_generated_tokens": 128.0,
        "median_latency_seconds": 1.8305301694999798,
        "p95_latency_seconds": 2.2118757276519316,
        "median_decode_tokens_per_second": 68.90711941958718,
        "p95_decode_tokens_per_second": 70.67223312037933,
        "median_total_tokens_per_second": 81.94473655233068,
        "median_peak_gpu_memory_bytes": 678967296
      },
      "runs": [
        {
          "run_index": 0,
          "prompt_tokens": 22,
          "generated_tokens": 128,
          "latency_seconds": 1.9357839650037931,
          "decode_tokens_per_second": 66.12308104316237,
          "total_tokens_per_second": 77.4879855974559,
          "peak_gpu_memory_bytes": 678967296
        },
        {
          "run_index": 1,
          "prompt_tokens": 22,
          "generated_tokens": 127,
          "latency_seconds": 2.1827176740043797,
          "decode_tokens_per_second": 58.18434583296693,
          "total_tokens_per_second": 68.26352385127616,
          "peak_gpu_memory_bytes": 678967296
        },
        {
          "run_index": 2,
          "prompt_tokens": 22,
          "generated_tokens": 128,
          "latency_seconds": 1.8127460520045133,
          "decode_tokens_per_second": 70.61110399796988,
          "total_tokens_per_second": 82.74738749762095,
          "peak_gpu_memory_bytes": 678967296
        },
        {
          "run_index": 3,
          "prompt_tokens": 22,
          "generated_tokens": 128,
          "latency_seconds": 1.8098972229927313,
          "decode_tokens_per_second": 70.72224785689616,
          "total_tokens_per_second": 82.87763420730019,
          "peak_gpu_memory_bytes": 678967296
        },
        {
          "run_index": 4,
          "prompt_tokens": 22,
          "generated_tokens": 128,
          "latency_seconds": 1.8178679179982282,
          "decode_tokens_per_second": 70.41215631383663,
          "total_tokens_per_second": 82.5142456802773,
          "peak_gpu_memory_bytes": 678967296
        },
        {
          "run_index": 5,
          "prompt_tokens": 22,
          "generated_tokens": 128,
          "latency_seconds": 2.235732316999929,
          "decode_tokens_per_second": 57.25193442288291,
          "total_tokens_per_second": 67.09211065181591,
          "peak_gpu_memory_bytes": 678967296
        },
        {
          "run_index": 6,
          "prompt_tokens": 22,
          "generated_tokens": 128,
          "latency_seconds": 1.837717504997272,
          "decode_tokens_per_second": 69.6516192787694,
          "total_tokens_per_second": 81.6229913423079,
          "peak_gpu_memory_bytes": 678967296
        },
        {
          "run_index": 7,
          "prompt_tokens": 22,
          "generated_tokens": 84,
          "latency_seconds": 1.2323470039991662,
          "decode_tokens_per_second": 68.16261956040495,
          "total_tokens_per_second": 86.01473420717767,
          "peak_gpu_memory_bytes": 670907392
        },
        {
          "run_index": 8,
          "prompt_tokens": 22,
          "generated_tokens": 128,
          "latency_seconds": 1.8233428340026876,